INSERT INTO Peers(Nickname, Birthday) VALUES 
('aimeejoh', '2003-08-12'),
('heidedra', '2002-09-11'),
('gerrenme', '2004-09-16'),
('sirenash', '2004-01-01'),
('dearcrin', '1980-03-05'),
('drackula', '1929-06-04'),
('aniebalo', '2000-05-05'),
('gaylordr', '2001-10-19'),
('herohero', '2004-12-02'),
('qwertylo', '1969-05-05');

INSERT INTO Tasks(Title, ParentTask, MaxXP) VALUES
('C2_SimpleBash', NULL, 250),
('C3_s21_string+', 'C2_SimpleBash', 500),
('C4_s21_math', 'C3_s21_string+', 300),
('C5_s21_decimal', 'C4_s21_math', 350),
('C6_s21_matrix', 'C5_s21_decimal', 200),
('C7_SmartCalc_v1.0', 'C6_s21_matrix', 500),
('C8_3DViewer_v1.0', 'C7_SmartCalc_v1.0', 750),
('D01_Linux', 'C3_s21_string+', 300),
('D02_LinuxNetwork', 'D01_Linux', 250),
('D03_LinuxMonitoring v1.0', 'D02_LinuxNetwork', 350),
('D05_SimpleDocker', 'D03_LinuxMonitoring v1.0', 300);

INSERT INTO Checks(Peer, Task, "Date") VALUES
('gerrenme', 'C2_SimpleBash', '2023-07-24'),
('aimeejoh', 'C7_SmartCalc_v1.0', '2023-06-24'),
('heidedra', 'C4_s21_math', '2023-07-24'),
('sirenash', 'C5_s21_decimal', '2023-07-24'),
('gerrenme', 'C8_3DViewer_v1.0', '2023-07-28'),
('drackula', 'C2_SimpleBash', '2020-12-12'),
('aniebalo', 'C3_s21_string+', '2020-05-24'),
('gaylordr', 'D02_LinuxNetwork', '2023-07-24'),
('herohero', 'D03_LinuxMonitoring v1.0', '2020-03-09'),
('qwertylo', 'D05_SimpleDocker', '2021-09-14'),
('aimeejoh', 'D05_SimpleDocker', '2022-03-09'),
('aimeejoh', 'C8_3DViewer_v1.0', '2020-03-09'),
('gerrenme', 'D03_LinuxMonitoring v1.0', '2020-03-09'),
('gerrenme', 'D03_LinuxMonitoring v1.0', '2020-05-10'),
('heidedra', 'D03_LinuxMonitoring v1.0', '2021-03-09'),
('heidedra', 'D03_LinuxMonitoring v1.0', '2022-03-09'),
('gerrenme', 'C3_s21_string+', '2023-07-25'),
('gerrenme', 'C4_s21_math', '2023-07-26'),
('gerrenme', 'C5_s21_decimal', '2023-07-27'),
('gerrenme', 'C6_s21_matrix', '2023-07-28'),
('gerrenme', 'C7_SmartCalc_v1.0', '2023-07-29'),
('gerrenme', 'C2_SimpleBash', '2023-09-16');

INSERT INTO Verter("Check", "State", "Time") VALUES
(1, 'Start', '10:30:15'), 
(3, 'Start', '12:30:00'),
(4, 'Start', '10:30:17'),
(7, 'Start', '07:30:29'),
(17, 'Start', '08:30:45'),
(18, 'Start', '10:15:58'),
(19, 'Start', '10:34:02'),
(20, 'Start', '10:28:10'),
(1, 'Success', '10:32:15'),
(3, 'Success', '12:31:08'),
(4, 'Success', '10:30:24'),
(7, 'Success', '10:30:15'),
(17, 'Success', '18:30:15'),
(18, 'Failure', '14:30:15'),
(19, 'Failure', '12:39:42'),
(20, 'Failure', '10:30:15');

INSERT INTO XP("Check", XPAmount) VALUES 
(1, 50),
(2, 49),
(3, 28),
(4, 31),
(5, 75),
(6, 24),
(7, 26),
(8, 25),
(9, 30),
(10, 30),
(11, 37),
(12, 68),
(13, 35),
(14, 32),
(15, 19),
(16, 35),
(17, 40),
(18, 29),
(19, 50),
(20, 48),
(21, 70),
(22, 80);

INSERT INTO Friends(Peer1, Peer2) VALUES
('gerrenme', 'qwertylo'),
('gerrenme', 'aimeejoh'),
('gerrenme', 'heidedra'),
('gerrenme', 'sirenash'),
('gerrenme', 'aniebalo'),
('aimeejoh', 'sirenash'),
('aimeejoh', 'heidedra'),
('aimeejoh', 'drackula'),
('drackula', 'gerrenme'),
('qwertylo', 'drackula');

INSERT INTO Recommendations(Peer, RecommendedPeer) VALUES
('gerrenme', 'qwertylo'),
('gerrenme', 'aimeejoh'),
('gerrenme', 'heidedra'),
('gerrenme', 'sirenash'),
('gerrenme', 'aniebalo'),
('aimeejoh', 'sirenash'),
('aimeejoh', 'heidedra'),
('aimeejoh', 'drackula'),
('drackula', 'gerrenme'),
('qwertylo', 'drackula');

INSERT INTO TimeTracking(Peer, "Date", "Time", "State") VALUES
('gerrenme', '2021-07-27', TIME '08:15:22', '1'),
('heidedra', '2021-07-27', TIME '08:15:24', '1'),
('aimeejoh', '2021-07-27', TIME '08:16:22', '1'),
('drackula', '2021-07-27', TIME '08:16:41', '1'),

('gerrenme', '2021-07-27', TIME '09:15:22', '2'),
('gerrenme', '2021-07-27', TIME '09:16:22', '1'),
('gerrenme', '2021-07-27', TIME '09:43:21', '2'),
('gerrenme', '2021-07-27', TIME '09:54:34', '1'),

('heidedra', '2021-07-27', TIME '18:15:24', '2'),
('aimeejoh', '2021-07-27', TIME '20:16:22', '2'),
('drackula', '2021-07-27', TIME '21:16:41', '2'),

('gerrenme', '2021-07-28', TIME '08:15:22', '2'),
('heidedra', '2021-07-28', TIME '08:15:24', '1'),
('aimeejoh', '2021-07-28', TIME '08:16:22', '1'),
('drackula', '2021-07-28', TIME '08:16:41', '1'),

('gerrenme', '2021-07-28', TIME '09:15:22', '1'),
('gerrenme', '2021-07-28', TIME '09:16:22', '2'),
('gerrenme', '2021-07-28', TIME '09:43:21', '1'),
('gerrenme', '2021-07-28', TIME '09:54:34', '2'),

('heidedra', '2021-07-28', TIME '18:15:24', '2'),
('aimeejoh', '2021-07-28', TIME '20:16:22', '2'),
('drackula', '2021-07-28', TIME '21:16:41', '2'),

('gerrenme', '2021-09-16', TIME '09:15:22', '1'),
('gerrenme', '2021-09-16', TIME '09:16:22', '2'),
('gerrenme', '2021-09-16', TIME '09:43:21', '1'),
('gerrenme', '2021-09-16', TIME '09:54:34', '2'),
('gerrenme', '2021-09-16', TIME '14:15:22', '1'),
('gerrenme', '2021-09-16', TIME '14:16:22', '2'),

('aniebalo', '2021-05-05', TIME '09:15:22', '1'),
('aniebalo', '2021-05-05', TIME '10:16:22', '2'),
('aniebalo', '2021-05-05', TIME '10:18:22', '1'),
('aniebalo', '2021-05-05', TIME '10:20:22', '2'),
('aniebalo', '2021-05-05', TIME '11:15:22', '1'),
('aniebalo', '2021-05-05', TIME '11:16:22', '2'),
('aniebalo', '2021-05-05', TIME '14:15:22', '1'),
('aniebalo', '2021-05-05', TIME '15:16:22', '2'),

('aimeejoh', '2021-08-12', TIME '09:15:22', '1'),
('aimeejoh', '2021-08-12', TIME '10:16:22', '2');

INSERT INTO P2P("Check", CheckingPeer, "State", "Time")
VALUES 	(1, 'heidedra', 'Start', TIME '04:12:13'),
		(2, 'gerrenme', 'Start', TIME '04:40:33'),
		(3, 'drackula', 'Start', TIME '04:12:13'),
		(4, 'aniebalo', 'Start', TIME '04:12:13'),
		(5, 'aimeejoh', 'Start', TIME '04:12:13'),
		(6, 'gerrenme', 'Start', TIME '04:12:13'),
		(7, 'gerrenme', 'Start', TIME '04:12:13'),
		(8, 'sirenash', 'Start', TIME '04:12:13'),
		(9, 'heidedra', 'Start', TIME '04:12:13'),
		(10, 'drackula', 'Start', TIME '04:12:13'),
		(11, 'gerrenme', 'Start', TIME '04:12:13'),
		(12, 'sirenash', 'Start', TIME '04:12:13'),
		(13, 'aimeejoh', 'Start', TIME '04:12:13'),
		(14, 'heidedra', 'Start', TIME '04:12:13'),
		(15, 'aimeejoh', 'Start', TIME '04:12:13'),
		(16, 'sirenash', 'Start', TIME '04:12:13'),
		(1, 'heidedra', 'Failure', TIME '10:12:13'),
		(2, 'aimeejoh', 'Success', TIME '16:40:33'),
		(3, 'drackula', 'Success', TIME '10:12:13'),
		(4, 'aniebalo', 'Success', TIME '10:12:13'),
		(5, 'aimeejoh', 'Success', TIME '10:12:13'),
		(6, 'gerrenme', 'Success', TIME '10:12:13'),
		(7, 'gerrenme', 'Success', TIME '10:12:13'),
		(8, 'sirenash', 'Success', TIME '10:12:13'),
		(9, 'heidedra', 'Success', TIME '10:12:13'),
		(10, 'drackula', 'Success', TIME '10:12:13'),
		(11, 'gerrenme', 'Success', TIME '10:12:13'),
		(12, 'sirenash', 'Success', TIME '10:12:13'),
		(13, 'aimeejoh', 'Failure', TIME '10:12:13'),
		(14, 'heidedra', 'Success', TIME '10:12:13'),
		(15, 'aimeejoh', 'Success', TIME '10:12:13'),
		(16, 'sirenash', 'Success', TIME '10:12:13');
